клещи обжимные для неполированный наконечников 0 1-2 5мм² with арт  0714 107;клещи обжимные для неполированный наконечников 0 1-2 5мм² with арт 0714 107 100
клещи обжимные для неполированный наконечников 0 1-2 5мм² with арт  0714 107;NULL
клещи обжимные для неполированный наконечников 0 1-2 5мм² with арт  0714 107;NULL
механизм для раздвижной двери;механизм для раздвижной двери пенал eclisse
механизм для раздвижной двери;механизм для раздвижной двери пенал
механизм для раздвижной двери;механизм для раздвижной двери
болт;болт ру
болт;болт м8
болт;болт м6
монтажный клей;монтажный клей титан
монтажный клей;монтажный клей цена
монтажный клей;монтажный клей момент
генератор;генератор ников
генератор;генератор паролей
генератор;генератор чисел
инсталяция;инсталляция это
инсталяция;инсталляция геберит
инсталяция;инсталляция унитаз
псул;псул лента
псул;псул это
псул;псул купить
рамки для фото;NULL
рамки для фото;NULL
рамки для фото;NULL
пена монтажная;пена монтажная купить
пена монтажная;пена монтажная soma fix
пена монтажная;пена монтажная зимняя цена
карниз;карниз для штор
карниз;карниз для ванной
карниз;карниз стельовий
пеносил;пеносил украина
пеносил;пеносил ватерстоп
пеносил;пеносил герметик
теплый пол;теплый пол под ламинат
теплый пол;теплый пол цена
теплый пол;теплый пол под плитку
свечки;свечки своими руками
свечки;свечи купить
свечки;свечки от запора
ширма;ширма купить
ширма;ширма своими руками
ширма;ширма медична
стол;стол и стул
стол;стол трансформер
стол;стол кухонный
скатерть;скатерть купить
скатерть;скатерть на стол
скатерть;скатерть новогодняя
фильтр atoll для холодной воды;NULL
фильтр atoll для холодной воды;NULL
фильтр atoll для холодной воды;NULL
плафон;плафон салона ланос
плафон;плафон для люстры шар
плафон;плафон салона
стремянка;стремянка олх
стремянка;стремянка своими руками
стремянка;стремянка трансформер
молдинг;молдинг это
молдинг;молдинг маск
молдинг;молдинг лобового стекла
кабель num 3 2 5;кабель нум 3*2 5
кабель num 3 2 5;кабель nym 3*2 5 цена спб
кабель num 3 2 5;кабель nym 3*2 5 севкабель цена
дверное полотно с коробкой ницца;NULL
дверное полотно с коробкой ницца;NULL
дверное полотно с коробкой ницца;NULL
шторы;шторы на кухню
шторы;шторы икеа
шторы;шторы в спальню
радиатор ростерм 13841431;NULL
радиатор ростерм 13841431;NULL
радиатор ростерм 13841431;NULL
комнатные цветы;комнатные цветы цветущие
комнатные цветы;комнатные цветы фото
комнатные цветы;комнатные цветы купить
элементы кованные;элементы кованные
элементы кованные;купить кованые элементы
элементы кованные;кованые элементы цена
диск по дереву;диск по дереву на болгарку
диск по дереву;диск по дереву для ушм
диск по дереву;диск по дереву 125
87961403;NULL
87961403;NULL
87961403;NULL
фотообои дырявый шар темноту артикул 13х50;NULL
фотообои дырявый шар темноту артикул 13х50;NULL
фотообои дырявый шар темноту артикул 13х50;NULL
parade;parade перевод
parade;parade of planets - ou est ton amour
parade;parade of planets
брус 50х50;брус 50х50 цена
брус 50х50;брус 50х50 бук
брус 50х50;брус 50х50 цена киев
диск алмазный;диск алмазный по бетону
диск алмазный;диск алмазный по металлу
диск алмазный;диск алмазный отрезной
выключатели;выключатели света
выключатели;выключатели легранд
выключатели;выключатели и розетки
кухня;кухня в париже
кухня;кухня сериал
кухня;кухня купить
стеклосетка;стеклосетка под штукатурку
стеклосетка;стеклосетка купить
стеклосетка;стеклосетка церезит
гкл;гкл это
гкл;гкл цена
гкл;гкл кемерово
обои;обои на рабочий стол
обои;обои для телефона
обои;обои на айфон
радиаторы;радиаторы отопления
радиаторы;радиаторы керми
радиаторы;радиаторы рифар
клей axton;клей axton универсальный для линолеума и ковролина
клей axton;клей axton полимерный
клей axton;клей axton для виниловых обоев
деталь мебельная;деталь мебельная лдсп
деталь мебельная;деталь мебельная венге
деталь мебельная;деталь мебельная максидом
equation;equation перевод
equation;equation скачать
equation;equation editor
газовый котел;газовый котел baxi
газовый котел;газовый котел протерм
газовый котел;газовый котел купить
вентиляция;вентиляция в квартире
вентиляция;вентиляция в доме
вентиляция;вентиляция легких
фибра;фибра это
фибра;фибра для бетона
фибра;фибра полипропиленовая
соединительная муфта;соединительная муфта для кабеля
соединительная муфта;соединительная муфта для проводов
соединительная муфта;соединительная муфта 110
баня;баня бочка
баня;баня спб
баня;баня под ключ
подложка;подложка под ламинат
подложка;подложка под обои
подложка;подложка под теплый пол
акриловый лак;акриловый лак цена
акриловый лак;акриловый лак на водной основе
акриловый лак;акриловый лак спрей
уголок крепежный 50х50;уголок крепежный 50х50
уголок крепежный 50х50;уголок крепежный 50х50 цена
уголок крепежный 50х50;NULL
сверла по бетону;сверла по бетону купить
сверла по бетону;сверла по бетону bosch
сверла по бетону;сверла по бетону набор
гардина;гардина это
гардина;гардина для штор
гардина;гардина потолочная
сетка заборная;сетка заборная пластиковая
сетка заборная;сетка заборная 3д
сетка заборная;сетка заборная цена
светильник;светильник светодиодный
светильник;светильник своими руками
светильник;светильник потолочный
баллон;баллон со сжатым воздухом
баллон;баллон кислородный
баллон;баллон гелия
аксессуар для сайдинг;NULL
аксессуар для сайдинг;NULL
аксессуар для сайдинг;NULL
ламинат;ламинат цена
ламинат;ламинат на стене
ламинат;ламинат купить
капуста;капуста по корейски
капуста;капуста маринованная
капуста;капуста квашеная
дверь для шкафа «вереск»;NULL
дверь для шкафа «вереск»;NULL
дверь для шкафа «вереск»;NULL
обналичник;наличники на дверь
обналичник;обналичник дверной
обналичник;наличник это
уголки для плитки;уголки для плитки купить
уголки для плитки;уголки для плитки леруа
уголки для плитки;уголки для плитки фото
дюбель-гвоздь;дюбель-гвоздь 6х40
дюбель-гвоздь;дюбель-гвоздь 6х60
дюбель-гвоздь;дюбель-гвоздь с шайбой
бруски;бруски для заточки ножей
бруски;бруски деревянные
бруски;бруски на стене
насосная станция;насосная станция grundfos
насосная станция;насосная станция джилекс
насосная станция;насосная станция для дома
rhfy-ercf;кран букса
rhfy-ercf;кран букса 1/2
rhfy-ercf;кран букса керамическая
цветное освещение;цветное освещение купить
цветное освещение;цветное освещение в фотографии
цветное освещение;цветное освещение своими руками
емкость;емкость аккумулятора iphone 7
емкость;емкость рынка
емкость;емкость аккумулятора iphone 6
корзина для белья;корзина для белья икеа
корзина для белья;корзина для белья узкая
корзина для белья;корзина для белья купить
облицовочная плитка;облицовочная плитка под кирпич
облицовочная плитка;облицовочная плитка для фасада
облицовочная плитка;облицовочная плитка из стекла
полка мебельная;полка мебельная квадратная
полка мебельная;полка мебельная дсп
полка мебельная;полка мебельная купить
смеситель;смеситель для кухни
смеситель;смеситель для ванны
смеситель;смеситель для душа
пленка парниковая;пленка парниковая купить
пленка парниковая;пленка парниковая цена
пленка парниковая;пленка парниковая леруа мерлен
регулятор на батарею;регулятор на батарею цена
регулятор на батарею;регулятор на батарею купить
регулятор на батарею;регулятор на батарею отопления
стеллаж;стеллаж икеа
стеллаж;стеллаж для книг
стеллаж;стеллаж металлический
самоклеящаяся пленка;самоклеющаяся пленка для мебели
самоклеящаяся пленка;самоклеящаяся пленка прозрачная
самоклеящаяся пленка;самоклеющаяся пленка купить
душевая ширма;душевая ширма леруа
душевая ширма;душевая ширма sensea quad
душевая ширма;душевая ширма sensea
стеновые панели ванна;стеновые панели ванна
стеновые панели ванна;стеновые панели ванная
стеновые панели ванна;стеновые панели для ванной
унитаз;унитаз купить
унитаз;унитаз подвесной
унитаз;унитаз с биде
вагонка 33м;вагонка 33
вагонка 33м;NULL
вагонка 33м;NULL
светильник потолочный;светильник потолочный с датчиком движения
светильник потолочный;светильник потолочный лофт
светильник потолочный;светильник потолочный накладной
тюль;тюль рід
тюль;тюль на кухню
тюль;тюль купити
портьерная ткань;портьерная ткань купить
портьерная ткань;портьерная ткань купить в украине
портьерная ткань;портьерная ткань купить украина
фиксаторы для арматуры;фиксаторы для арматуры киев
фиксаторы для арматуры;фиксаторы для арматуры купить
фиксаторы для арматуры;фиксаторы для арматуры расход
дверь межкомнатная;дверь межкомнатная купить
дверь межкомнатная;дверь межкомнатная цена
дверь межкомнатная;дверь межкомнатная размеры
плинтус потолочный;плинтус потолочный эпицентр
плинтус потолочный;плинтус потолочный цена
плинтус потолочный;плинтус потолочный для натяжного потолка
вантуз;вантуз купить
вантуз;вантуз ціна
вантуз;вантуз це
лампа люминесцентная;лампа люминесцентная 36 вт
лампа люминесцентная;лампа люминесцентная 120 см
лампа люминесцентная;лампа люминесцентная 58 вт philips
18513058;NULL
18513058;NULL
18513058;NULL
шпатель;шпатель для силикона
шпатель;шпатель медичний
шпатель;шпатель для торта
средства индивидуальной защиты;средства индивидуальной защиты органов дыхания
средства индивидуальной защиты;средства индивидуальной защиты украина
средства индивидуальной защиты;средства индивидуальной защиты медработников
сушилка;сушилка для обуви
сушилка;сушилка для фруктов
сушилка;сушилка для белья
3d картина;3d картина купить
3d картина;3d картина из бумаги
3d картина;3d картина с подсветкой
водопроводная труба;водопроводная труба в разрезе
водопроводная труба;водопроводная труба купить
водопроводная труба;водопроводная труба пвх
перила  кронштейн;NULL
перила  кронштейн;NULL
перила  кронштейн;NULL
марианна;марианна елисеева
марианна;марианна вертинская
марианна;марианна кочурова
скрепер;скрепер для снега
скрепер;скрепер для уборки снега
скрепер;скрепер для уборки снега с крыши
картриджи грое;картриджи grohe
картриджи грое;картридж grohe аналог
картриджи грое;картридж grohe 46048 купить
дверь;дверь гармошка
дверь;дверь мне запили
дверь;дверь входная
столешница;столешница для кухни
столешница;столешница из эпоксидной смолы
столешница;столешница своими руками
краска водоэмульсионная;краска водоэмульсионная цена
краска водоэмульсионная;краска водоэмульсионная купить
краска водоэмульсионная;краска водоэмульсионная вэак-1180
арматура;арматура цена
арматура;арматура а500с
арматура;арматура купить
гигиенический душ;гигиенический душ наружного монтажа
гигиенический душ;гигиенический душ с термостатом
гигиенический душ;гигиенический душ розетка
кухня волна;кухня волна цена
кухня волна;кухня волна белая церковь
кухня волна;кухня волна отзывы
душевой поддон;душевой поддон своими руками
душевой поддон;душевой поддон из плитки
душевой поддон;душевой поддон размеры
лопата;лопата беглова
лопата;лопата на немецком
лопата;лопата землекопа
двери;двери входные
двери;двери папа карло
двери;двери новый стиль
jkjb;jkjb inc
jkjb;jkjb sales
jkjb;jkjb llc
фанера;фанера цена
фанера;фанера купить
фанера;фанера ламинированная
жалюзи;жалюзи ударение
жалюзи;жалюзи на окна
жалюзи;жалюзи род
вытяжка;вытяжка купить
вытяжка;вытяжка эликор
вытяжка;вытяжка встраиваемая
стрейч;стрейч пленка
стрейч;стрейч это
стрейч;стрейч пленка купить
82025264;NULL
82025264;NULL
82025264;NULL
штора вензель;штора вензель
штора вензель;шторы вензель
штора вензель;штори вензель
плитка пвх замковая;плитка пвх замковая цена
плитка пвх замковая;плитка пвх замковая иркутск
плитка пвх замковая;плитка пвх замковая укладка
панель пвх;панель пвх кирпич
панель пвх;панель пвх леруа
панель пвх;панель пвх мозаика
сетевой шнур;сетевой шнур с диммером
сетевой шнур;сетевой шнур пловцы неукоснительно
сетевой шнур;сетевой шнур с вилкой
стелаж;стеллаж икеа
стелаж;стеллаж купить
стелаж;стеллаж для книг
столешницы;столешницы из искусственного камня
столешницы;столешницы скиф
столешницы;столешницы для кухни
механизм слива бачка;механизм слива бачка унитаза
механизм слива бачка;механизм слива бачка
механизм слива бачка;механизм слива бачка купить
alpha;alpha industries
alpha;alpha ag
alpha;alpha hookah
бетономешалка;бетономешалка мешает бетон
бетономешалка;бетономешалка цена
бетономешалка;бетономешалка своими руками
изол;изол это
изол;изол и-бд
изол;изол цена
угловая;угловая скорость
угловая;угловая кухня
угловая;угловая ванна
мебельный щит;мебельный щит леруа
мебельный щит;мебельный щит дуб
мебельный щит;мебельный щит спб
фильтр для воды;фильтр для воды аквафор
фильтр для воды;фильтр для воды барьер
фильтр для воды;фильтр для воды гейзер
обои вино;обои вино на айфон
обои вино;обои вино
обои вино;обои вино hd
линолеум;линолеум купить
линолеум;линолеум таркетт
линолеум;линолеум леруа
шуруповерты;шуруповерты метабо
шуруповерты;шуруповерты бош
шуруповерты;шуруповерты макита
тиккурила;тиккурила евро 7
тиккурила;тиккурила симфония
тиккурила;тиккурила цвета
грядки;грядки из дпк
грядки;грядки купить
грядки;грядки в теплице
лобелия;лобелия посев
лобелия;лобелия посадка
лобелия;лобелия хрустальный дворец
ванная;ванная комната
ванная;ванная купить
ванная;ванная в стиле лофт
ламинат «дуб аликанте»  33 класс  толщина 8 мм  2 057 м²;NULL
ламинат «дуб аликанте»  33 класс  толщина 8 мм  2 057 м²;NULL
ламинат «дуб аликанте»  33 класс  толщина 8 мм  2 057 м²;NULL
резинки под ножки для стиральной машинки;резинки под ножки стиральной машины
резинки под ножки для стиральной машинки;резинки для ножек стиральной машины
резинки под ножки для стиральной машинки;резинки на ножки стиральной машинки
готовые тюли;готовые тюли на кухню
готовые тюли;готовые тюли в леруа мерлен
готовые тюли;готовые тюли минск
шканты;шканты купить
шканты;шканты это
шканты;шканты мебельные
панели пвх;панели пвх для ванной
панели пвх;панели пвх фото
панели пвх;панели пвх купить
гидро;гидро это
гидро;гидро мрт
гидро;гидроручник
gkjv&f;пломба
gkjv&f;пломбир
gkjv&f;пломбиратор
болт м8;болт м8 размеры
болт м8;болт м8 гост
болт м8;болт м8 цена
дюфа;дюфамишки
дюфа;дюфа краска
дюфа;витамишки отзывы
крепление для раздвижной двери;крепление для раздвижной двери
крепление для раздвижной двери;крепление для раздвижных дверей киев
крепление для раздвижной двери;кронштейн для раздвижной двери
торшер;торшер икеа
торшер;торшер это
торшер;торшер своими руками
канализация;канализация септик
канализация;канализация это
канализация;канализация на даче
бак мусорный;бак мусорный купить
бак мусорный;бак мусорный svip квадра
бак мусорный;бак мусорный цена
профиль;профиль дорс
профиль;профиль для светодиодной ленты
профиль;профиль лица
пвх плитка;пвх плитка на пол
пвх плитка;пвх плитка отзывы
пвх плитка;пвх плитка замковая
станок;станок для заточки сверл
станок;станок по дереву
станок;станок для бритья
ткани;ткани растений
ткани;ткани оптом
ткани;ткани спб
шпаклевка;шпаклевка стен
шпаклевка;шпаклевка цена
шпаклевка;шпаклевка по дереву
распределительные пластины для теплого пола;распределительные пластины для теплого пола
распределительные пластины для теплого пола;NULL
распределительные пластины для теплого пола;NULL
ватин;ватин село
ватин;ватин цена
ватин;ватин олх
подарочная карта;подарочная карта стим
подарочная карта;подарочная карта брокард
подарочная карта;подарочная карта эпицентр
трасерь траверса;NULL
трасерь траверса;NULL
трасерь траверса;NULL
биде;биде это
биде;биде купить
биде;биде как пользоваться
сендвич панель;сэндвич панель купить
сендвич панель;сэндвич панель вес
сендвич панель;сэндвич панель цена
саморезы универсальные;саморезы универсальные желтые
саморезы универсальные;саморезы универсальные
саморезы универсальные;саморезы универсальные оцинкованные
пробка;пробка харьков
пробка;пробка киев
пробка;пробка у вусі
зеркальная плитка;зеркальная плитка купить
зеркальная плитка;зеркальная плитка с фацетом
зеркальная плитка;зеркальная плитка купить киев
пушка;пушка скачать
пушка;пушка харьков
пушка;пушка дора
окна из пвх;окна из пвх пленки
окна из пвх;окна из пвх
окна из пвх;окна из пвх гост
деревянный поднос с ножками;деревянный поднос с ножками
деревянный поднос с ножками;деревянный поднос на ножках
деревянный поднос с ножками;NULL
трещотка;трещотка это
трещотка;трещотка 1/4
трещотка;трещотка 1/2
сварка;сварка аргоном
сварка;сварка алюминия
сварка;сварка полуавтоматом
кран букет;NULL
кран букет;NULL
кран букет;NULL
186284111;NULL
186284111;NULL
186284111;NULL
коробка дверная;коробка дверная телескопическая
коробка дверная;коробка дверная купить
коробка дверная;коробка дверная леруа
петля;петля времени
петля;петля корбут
петля;петля глиссона
металбоксы;NULL
металбоксы;NULL
металбоксы;NULL
пила;пила 8
пила;пила дружба
пила;пила 1
радиатор;радиатор отопления
радиатор;радиатор по немецки
радиатор;радиатор в машине
поликарбонат;поликарбонат цена
поликарбонат;поликарбонат характеристики
поликарбонат;поликарбонат для теплиц
антенный кабель;антенный кабель для т2
антенный кабель;антенный кабель купить
антенный кабель;антенный кабель цена
семена;семена чиа
семена;семена льна
семена;семена почтой
старатели;старатели наливной пол
старатели;старатели это
старатели;старатели финишная
дсп;дсп по немецки
дсп;дсп википедия
дсп;дсп и двп
ведро 20л строительное;ведро строительное 20л
ведро 20л строительное;ведро строительное 20 л размеры
ведро 20л строительное;ведро строительное 20л цена
автоматический выключатель 4166;NULL
автоматический выключатель 4166;NULL
автоматический выключатель 4166;NULL
клеммник;клеммник wago
клеммник;клеммник ваго
клеммник;клеммник винтовой
плитка;плитка для ванной
плитка;плитка напольная
плитка;плитка кабанчик
коврик рулоне;коврик рулон
коврик рулоне;коврик пвх в рулоне
коврик рулоне;коврик резиновый в рулоне
средство актеллик jn комплекса вредителей  мл;NULL
средство актеллик jn комплекса вредителей  мл;NULL
средство актеллик jn комплекса вредителей  мл;NULL
гипсокартон;гипсокартон цени
гипсокартон;гипсокартон потолок
гипсокартон;гипсокартон на потолок
полотенцесушитель;полотенцесушитель марио
полотенцесушитель;полотенцесушитель купить
полотенцесушитель;полотенцесушитель ларис
кухня ницца;кухня ницца леруа
кухня ницца;кухня ницца отзывы
кухня ницца;кухня ницца в интерьере
лейка для душа гигиеническая;лейка для душа гигиеническая
лейка для душа гигиеническая;лейка для душа гигиеническая grohe trigger
лейка для душа гигиеническая;лейка для душа гигиеническая hhs150
экструдированный пенополистирол;экструдированный пенополистирол цена
экструдированный пенополистирол;экструдированный пенополистирол технониколь
экструдированный пенополистирол;экструдированный пенополистирол характеристики
рольшторы;рольшторы купить
рольшторы;рольшторы леруа
рольшторы;рольшторы фото
коронки;коронки на зубы
коронки;коронки по дереву
коронки;коронки по металлу
гофра для унитаза;гофра для унитаза цена
гофра для унитаза;гофра для унитаза размеры
гофра для унитаза;гофра для унитаза купить
вояж;вояж это
вояж;вояж вояж
вояж;вояж ленинград
конвектор;конвертер валют
конвектор;конвектор электрический
конвектор;конвектор это
прокладки bp резины тыква;NULL
прокладки bp резины тыква;NULL
прокладки bp резины тыква;NULL
труба профильная;труба профильная гост
труба профильная;труба профильная цена
труба профильная;труба профильная размеры
ящики;ящики для хранения
ящики;ящики для игрушек
ящики;ящики для инструментов
термос;термос для еды
термос;термос арктика
термос;термос купить
дюбеля;дюбеля для газобетона
дюбеля;дюбеля для пенобетона
дюбеля;дюбеля для бетона
смесит;цена смесители
смесит;как разобрать смесит
смесит;NULL
аккорд 9010;аккорд 9010
аккорд 9010;NULL
аккорд 9010;NULL
ножки для  ванн;ножки для ванн kaldewei
ножки для  ванн;ножки для ванн
ножки для  ванн;ножки для ванн купить
печь;печь для бани
печь;печь на отработке
печь;печь камин
банка;банка с краном
банка;банка сгущенки
банка;банка с дозатором
уголок;уголок дурова
уголок;уголок потребителя
уголок;уголок на кухню
кирпич;кирпич размеры
кирпич;кирпич цена
кирпич;кирпич облицовочный
труба пнд;труба пнд 32
труба пнд;труба пнд 110
труба пнд;труба пнд цена
елка;елка своими руками
елка;елка певица
елка;елка из бумаги
песок;песок в почках
песок;песок в глазах
песок;песок в моче
лестница;лестница иакова
лестница;лестница в небо
лестница;лестница в небеса
кашпо;кашпо для цветов
кашпо;кашпо это
кашпо;кашпо род
лопаты;лопаты для снега
лопаты;лопаты фискарс
лопаты;лопаты снеговые
мф лион;мф лион
мф лион;NULL
мф лион;NULL
очки закрытые;очки закрытые по бокам
очки закрытые;очки закрытые uvex ультравижн 9301
очки закрытые;очки закрытые jsp каспиан
пенополистерол;пенополистирол цена
пенополистерол;пенополистирол купить
пенополистерол;пенополистирол это
алюминиевый профиль;алюминиевый профиль для светодиодной ленты
алюминиевый профиль;алюминиевый профиль леруа
алюминиевый профиль;алюминиевый профиль спб
стеклообои;стеклообои цена
стеклообои;стеклообои под покраску
стеклообои;стеклообои купить
клей герметик;клей герметик для стекла
клей герметик;клей герметик момент
клей герметик;клей герметик силиконовый
шланг на душ;шланг на душ цена
шланг на душ;шланг на душ купить
шланг на душ;шланг на душ
профиль листы;профиль листы
профиль листы;профлист цена
профиль листы;купить профлист
уголок стальной;уголок стальной размеры
уголок стальной;уголок стальной 30х30х3 цена
уголок стальной;уголок стальной гост
люк;люк эванс
люк;люк бессон
люк;люк перри что случилось
тумба подвесная ванная;тумба подвесная ванная
тумба подвесная ванная;тумба подвесная в ванную комнату
тумба подвесная ванная;тумба подвесная в ванную без раковины
комоды;комоды киев
комоды;комоды харьков
комоды;комоды купить
abb europa;abb europa 24
abb europa;abb europa
abb europa;abb europa ip65
туалетный держатель;туалетный держатель бумаги
туалетный держатель;туалетный держатель
туалетный держатель;NULL
легранд etika;легранд этика
легранд etika;легранд этика отзывы
легранд etika;легранд этика в интерьере
душевая лейка;душевая лейка купить
душевая лейка;душевая лейка с фильтром
душевая лейка;душевая лейка hansgrohe
скобы;скобы для степлера
скобы;скобы для пневмостеплера
скобы;скобы такелажные
пирометр;пирометр купить
пирометр;пирометр розетка
пирометр;пирометр для детей
смесь штукатурная;смесь штукатурная м 75 кнауф
смесь штукатурная;смесь штукатурная жаростойкая
смесь штукатурная;смесь штукатурная «ротбанд» кнауф расход
ковры;ковры киев
ковры;ковры купить
ковры;ковры купить киев
шланг для смесителя;шланг для смесителя с длинным штуцером
шланг для смесителя;шланг для смесителя 3/8
шланг для смесителя;шланг для смесителя grohe
крепеж для зеркал;крепеж для зеркал леруа
крепеж для зеркал;крепеж для зеркал на стену
крепеж для зеркал;крепеж для зеркал
бублик;бублик юа
бублик;бублик скачать
бублик;бублик песни
бассейн;бассейн чайка
бассейн;бассейн дельфин
бассейн;бассейн москва
бойлер;бойлер косвенного нагрева
бойлер;бойлер это
бойлер;бойлер цена
полка для ванной;полка для ванной икеа
полка для ванной;полка для ванной угловая
полка для ванной;полка для ванной комнаты
кухни;кухни мария
кухни;кухни икеа
кухни;кухни фото
головка e8;головка e8
головка e8;головка e8 купить
головка e8;головка torx e8
вентилятор;вентилятор вытяжной
вентилятор;вентилятор канальный
вентилятор;вентилятор для ванной
чугунная ванна;чугунная ванна цена
чугунная ванна;чугунная ванна вес
чугунная ванна;чугунная ванна купить
биотуалет;биотуалет для дома
биотуалет;биотуалет для дачи
биотуалет;биотуалет купить
клапан;клапан егр
клапан;клапан сердца
клапан;клапан желудка не закрывается
ceresit;ceresit aero 360
ceresit;ceresit renew
ceresit;ceresit ct 17
фильтр;фильтр для воды
фильтр;фильтр обратного осмоса
фильтр;фильтр кофе
ковролин;ковролин купить
ковролин;ковролин цена
ковролин;ковролин в детскую
детский батут;детский батут купить
детский батут;детский батут цена
детский батут;детский батут с ручкой
ковровые дорожки;ковровые дорожки купить
ковровые дорожки;ковровые дорожки спб
ковровые дорожки;ковровые дорожки харьков барабашово
подъёмник для гипсокартона;подъёмник для гипсокартона цена
подъёмник для гипсокартона;подъёмник для гипсокартона купить
подъёмник для гипсокартона;подъёмник для гипсокартона своими руками
сверло;сверло форстнера
сверло;сверло по дереву
сверло;сверло по бетону
кухня нэнси;кухня нэнси леруа мерлен
кухня нэнси;кухня нэнси купить
кухня нэнси;кухня нэнси леруа мерлен фото
фотообои;фотообои купить
фотообои;фотообои на кухню
фотообои;фотообои спб
лампа;лампа накаливания
лампа;лампа для ногтей
лампа;лампа для рассады
доска;доска уиджи
доска;доска якт
доска;доска для рисования
трансформатор для ленты;трансформатор для ленты
трансформатор для ленты;трансформатор для светодиодной ленты
трансформатор для ленты;трансформатор для лед ленты
напольная вешалка;напольная вешалка купить
напольная вешалка;напольная вешалка олх
напольная вешалка;напольная вешалка киев
эмаль для ванной epd 124 1 25кг;NULL
эмаль для ванной epd 124 1 25кг;NULL
эмаль для ванной epd 124 1 25кг;NULL
душевая rf byf;душевая кабина кабина
душевая rf byf;душевая кабина кабина размеры
душевая rf byf;NULL
самогоноварение;самогоноварение форум
самогоноварение;самогоноварение в сша
самогоноварение;самогоноварение статья
саморезы;саморезы по дереву
саморезы;саморезы по металлу
саморезы;саморезы по бетону
кейс;кейс призма
кейс;кейс для косметики
кейс;кейс это
искусственный камень;искусственный камень цена
искусственный камень;искусственный камень для фасада
искусственный камень;искусственный камень спб
лам;ламода
лам;лам кс 1.6
лам;лам болезнь
купить тример электрический;купить электрический триммер
купить тример электрический;купить триммер электрический в спб
купить тример электрический;купить электрический триммер в минске
трехпозиционный автомат;трехпозиционный автомат
трехпозиционный автомат;автомат трехпозиционный высадочный
трехпозиционный автомат;NULL
брус 50;брус 50 на 50
брус 50;брус 50 на 50 цена
брус 50;брус 50 на 100
дюбель шуруп;дюбель шуруп 6х40
дюбель шуруп;дюбель шуруп гост
дюбель шуруп;дюбель шуруп как пользоваться
изолайн;изолайн владмива
изолайн;изолайн саратов
изолайн;изолайн программа
смеситель ванную;смеситель ванная
смеситель ванную;смеситель ванной починить
смеситель ванную;смеситель в ванную с душем
торонто 75;торонто 75
торонто 75;тумба торонто 75 сборка
торонто 75;комплект мебели торонто 75
стальной;стальной алхимик
стальной;стальной гигант
стальной;стальной алхимик вики
обои флизелин;обои флизелин купить
обои флизелин;обои флизелин леруа
обои флизелин;обои флизелин на флизелине
нержавейка;нержавейка лист
нержавейка;нержавейка цена
нержавейка;нержавейка лист цена
пропитка против скользской плитки;NULL
пропитка против скользской плитки;NULL
пропитка против скользской плитки;NULL
сгон прямой;сгон прямой американка 1 1/4
сгон прямой;сгон прямой американка 1 1/2
сгон прямой;сгон прямой американка
зеркало напольное;зеркало напольное купить
зеркало напольное;зеркало напольное икеа
зеркало напольное;зеркало напольное купить спб
терасная доска;террасная доска цена
терасная доска;террасная доска дпк
терасная доска;террасная доска купить
прихожая;прихожая икеа
прихожая;прихожая купить
прихожая;прихожая дизайн
входные двери;входные двери спб
входные двери;входные двери москва
входные двери;входные двери купить
звонок;звонок мертвецу
звонок;звонок мертвецу трейлер
звонок;звонок 2
шифер плоский;шифер плоский цена
шифер плоский;шифер плоский размеры
шифер плоский;шифер плоский купить
трос;трос буксировочный
трос;трос сантехнический
трос;трос сцепления
аис 2000;ais 2000
аис 2000;ais 2000 login
аис 2000;ais-2000 honeywell
ручка мебельная;ручка мебельная леруа
ручка мебельная;ручка мебельная врезная
ручка мебельная;ручка мебельная купить
планка;планка для похудения
планка;планка 30 дней
планка;планка это
панели bp дерева;NULL
панели bp дерева;NULL
панели bp дерева;NULL
ножовка;ножовка по металлу
ножовка;ножовка по дереву
ножовка;ножовка это
средство для полировки;средство для полировки фар
средство для полировки;средство для полировки мебели
средство для полировки;средство для полировки стекла
газон изкуственный;газон искусственный
газон изкуственный;газон искусственный алматы
газон изкуственный;газон искусственный купить минск
дверь белая;дверь белая эмаль
дверь белая;дверь белая межкомнатная
дверь белая;дверь белая со стеклом
аврелий амелия;NULL
аврелий амелия;NULL
аврелий амелия;NULL
плинтус;плинтус потолочный
плинтус;плинтус напольный
плинтус;плинтус для столешницы
осб;осб плита
осб;осб цена
осб;осб это
щеколда;щеколда на украинском
щеколда;щеколда на дверь
щеколда;щеколда это
ручки;ручки паркер
ручки;ручки ножки
ручки;ручки дверні
электропила;электропила купить
электропила;электропила штиль
электропила;электропила цепная
peldano;peldano fiorentino
peldano;peldano recto albaroc hulla
peldano;peldano en ingles
раздвижные двери;раздвижные двери киев
раздвижные двери;раздвижные двери в ванную
раздвижные двери;раздвижные двери межкомнатные
урночка для ванны;NULL
урночка для ванны;NULL
урночка для ванны;NULL
гофра;гофра глушителя
гофра;гофра для кабеля
гофра;гофра для унитаза
luxray;luxray moveset
luxray;luxray gorzów wielkopolski
luxray;luxray attacks
свет-к с д герметичный ду obl wh 12w д20 cw овал;NULL
свет-к с д герметичный ду obl wh 12w д20 cw овал;NULL
свет-к с д герметичный ду obl wh 12w д20 cw овал;NULL
смеситель для кухни;смеситель для кухни zegor
смеситель для кухни;смеситель для кухни розетка
смеситель для кухни;смеситель для кухни олх
томаты;томаты пилати
томаты;томаты от сырая
томаты;томаты в собственном соку купить
панели bp мдф;NULL
панели bp мдф;NULL
панели bp мдф;NULL
газовая плита;газовая плита гефест
газовая плита;газовая плита дарина
газовая плита;газовая плита купить
ванны;ванны тритон
ванны;ванны угловые
ванны;ванны спб
лист;лист ам авто
лист;лист а4
лист;лист орг
dewalt sds plus 6 110;NULL
dewalt sds plus 6 110;NULL
dewalt sds plus 6 110;NULL
цемент;цемент ударение
цемент;цемент цена
цемент;цемент это
сэндвич;сэндвич панели
сэндвич;сэндвич с тунцом
сэндвич;сэндвич с курицей
грунтовка;грунтовка стен
грунтовка;грунтовка глубокого проникновения
грунтовка;грунтовка гф-021
напольный плинтус;напольный плинтус мдф
напольный плинтус;напольный плинтус с подсветкой
напольный плинтус;напольный плинтус размеры
искуственный камень;искусственный камень цена
искуственный камень;искусственный камень столешница
искуственный камень;искусственный камень своими руками
ленолиум;линолеум цена
ленолиум;линолеум купить
ленолиум;линолеум таркетт
фикус;фикус бенджамина
фикус;фикус уход
фикус;фикус наташа
профиль маячковый;профиль маячковый 10мм
профиль маячковый;профиль маячковый
профиль маячковый;профиль маячковый 6мм
подоконник;подоконник аккорды
подоконник;подоконник столешница
подоконник;подоконник данке
камера;камера обскура
камера;камера заднего вида
камера;камера 211
стеновая панель;стеновая панель мдф
стеновая панель;стеновая панель luxeform
стеновая панель;стеновая панель киев
столбики;столбики для винограда
столбики;столбики виноградные
столбики;столбики бетонные
уголки;уголки для плитки
уголки;уголки для фото
уголки;уголки для полок
газовая колонка;газовая колонка нева
газовая колонка;газовая колонка купить
газовая колонка;газовая колонка цена
кабель;кабель hdmi
кабель;кабель канал
кабель;кабель для интернета
зеркала;зеркала фильм
зеркала;зеркала 2
зеркала;зеркала смотреть
валик;валик под спину
валик;валик ляпко
валик;валик под лопатки
полки деревянные;полки деревянные своими руками
полки деревянные;полки деревянные купить
полки деревянные;полки деревянные угловые
инсталляция;инсталляция grohe
инсталляция;инсталляция geberit
инсталляция;инсталляция это
радиатор биметалл;радиатор биметалл 10 секций цена
радиатор биметалл;радиатор биметалл теплоотдача
радиатор биметалл;радиатор биметалл размеры
зола;зола это
зола;зола томск
зола;зола платья
раздвижные двери и складные двери \книжка\"  обзор раздвижных и складных механизмов";NULL
раздвижные двери и складные двери \книжка\"  обзор раздвижных и складных механизмов";NULL
раздвижные двери и складные двери \книжка\"  обзор раздвижных и складных механизмов";NULL
бур max;бур max
бур max;бур sds max 45
бур max;бур sds max 40
окна;окна рехау
окна;окна роста
окна;окна овертона
линолиум;линолеум цена
линолиум;линолеум купить
линолиум;линолеум таркетт
стеновые панели пвх;стеновые панели пвх для ванной красноярск
стеновые панели пвх;стеновые панели пвх купить
стеновые панели пвх;стеновые панели пвх фото
хомут;хомут для труб
хомут;хомут червячный
хомут;хомут это
замок;замок из стекла
замок;замок гарибальди
замок;замок любви
штукатурка гипсовая;штукатурка гипсовая цена
штукатурка гипсовая;штукатурка гипсовая волма
штукатурка гипсовая;штукатурка гипсовая ротбанд
подвес;подвес прямой
подвес;подвес для профиля
подвес;подвес прямой 60/27
рехау переходник rautitan rx с накидной;NULL
рехау переходник rautitan rx с накидной;NULL
рехау переходник rautitan rx с накидной;NULL
osb;osb плита
osb;osb цена
osb;osb банк
раковина;раковина над стиральной машиной
раковина;раковина для кухни
раковина;раковина для ванной
трек;трек 24
трек;трек номер
трек;трек почта
пароизоляция;пароизоляция изоспан
пароизоляция;пароизоляция цена
пароизоляция;пароизоляция потолка
компрессор;компрессор автомобильный
компрессор;компрессор купить
компрессор;компрессор для аквариума
окно;окно овертона
окно;окно во двор
окно;окно в париж
трап;трап это
трап;трап на судне
трап;трап для душа
сифон для ванны;сифон для ванны цена
сифон для ванны;сифон для ванны полуавтомат
сифон для ванны;сифон для ванны размеры
кухонный гарнитур;кухонный гарнитур своими руками
кухонный гарнитур;кухонный гарнитур угловой
кухонный гарнитур;кухонный гарнитур икеа
с20;с20 мкб
с20;с20 профлист
с20;с20 профнастил
скотч;скотч терьер
скотч;скотч брайт
скотч;скотч 3м
фитолампа;фитолампа купить
фитолампа;фитолампа для рассады
фитолампа;фитолампа отзывы
перекладина;перекладина гимнастическая
перекладина;перекладина для подтягиваний
перекладина;перекладина в шкаф
замок для ящика;замок для ящика с изогнутым ответным крюком
замок для ящика;замок для ящика с инструментами
замок для ящика;замок для ящика стола
бра;бра род
бра;бра это
бра;бра фиттинг
удлинитель;удлинитель для наушников
удлинитель;удлинитель usb
удлинитель;удлинитель hdmi
трубы пвх;трубы пвх размеры
трубы пвх;трубы пвх купить
трубы пвх;трубы пвх гост
профиль маячковый премиум;NULL
профиль маячковый премиум;NULL
профиль маячковый премиум;NULL
унитазы;унитазы сантек
унитазы;унитазы roca
унитазы;унитазы подвесные
тумба торонто 75;тумба торонто 75 сборка
тумба торонто 75;тумба торонто 75
тумба торонто 75;NULL
сверло ступенчатое;сверло ступенчатое по металлу
сверло ступенчатое;сверло ступенчатое 6-30
